{
    "Ar36": {
        "error": 0.0007680717843873564, 
        "filter_outliers_dict": {
            "filter_outliers": true, 
            "iterations": 1, 
            "std_devs": 2
        }, 
        "fit": "Linear", 
        "value": 0.09818073048669916
    }, 
    "Ar37": {
        "error": 0.010158300207235172, 
        "filter_outliers_dict": {
            "filter_outliers": true, 
            "iterations": 1, 
            "std_devs": 2
        }, 
        "fit": "linear", 
        "value": 2.0620274174141837
    }, 
    "Ar38": {
        "error": 0.005734141958463898, 
        "filter_outliers_dict": {
            "filter_outliers": true, 
            "iterations": 1, 
            "std_devs": 2
        }, 
        "fit": "linear", 
        "value": 4.309813593431002
    }, 
    "Ar39": {
        "error": 0.029088480074958636, 
        "filter_outliers_dict": {
            "filter_outliers": true, 
            "iterations": 1, 
            "std_devs": 2
        }, 
        "fit": "Linear", 
        "value": 331.5958982329996
    }, 
    "Ar40": {
        "error": 0.06870236938473373, 
        "filter_outliers_dict": {
            "filter_outliers": true, 
            "iterations": 1, 
            "std_devs": 2
        }, 
        "fit": "Linear", 
        "value": 1365.971629480131
    }, 
    "PM41": {
        "error": 0.06149190540667265, 
        "filter_outliers_dict": {
            "filter_outliers": false, 
            "iterations": 1, 
            "std_devs": 2
        }, 
        "fit": "linear", 
        "value": -0.06925898081627706
    }
}