{
    "Ar36": {
        "error": 0.00027080888919884865, 
        "filter_outliers_dict": {
            "filter_outliers": true, 
            "iterations": 1, 
            "std_devs": 2
        }, 
        "fit": "Linear", 
        "value": 0.009684409354763175
    }, 
    "Ar37": {
        "error": 0.009872523783494217, 
        "filter_outliers_dict": {
            "filter_outliers": true, 
            "iterations": 1, 
            "std_devs": 2
        }, 
        "fit": "linear", 
        "value": 0.14457308493996276
    }, 
    "Ar38": {
        "error": 0.00528772575332996, 
        "filter_outliers_dict": {
            "filter_outliers": true, 
            "iterations": 1, 
            "std_devs": 2
        }, 
        "fit": "linear", 
        "value": 0.19528090592948646
    }, 
    "Ar39": {
        "error": 0.011147587390698285, 
        "filter_outliers_dict": {
            "filter_outliers": true, 
            "iterations": 1, 
            "std_devs": 2
        }, 
        "fit": "Linear", 
        "value": 15.080356382679788
    }, 
    "Ar40": {
        "error": 0.015054322203793689, 
        "filter_outliers_dict": {
            "filter_outliers": true, 
            "iterations": 1, 
            "std_devs": 2
        }, 
        "fit": "Linear", 
        "value": 62.53585560155224
    }, 
    "PM41": {
        "error": 0.07671008261251258, 
        "filter_outliers_dict": {
            "filter_outliers": false, 
            "iterations": 1, 
            "std_devs": 2
        }, 
        "fit": "linear", 
        "value": -0.1319750776096409
    }
}