{
    "Ar36": {
        "error": 0.0005348306149540193, 
        "filter_outliers_dict": {
            "filter_outliers": true, 
            "iterations": 1, 
            "std_devs": 2
        }, 
        "fit": "Linear", 
        "value": 0.043467759953990305
    }, 
    "Ar37": {
        "error": 0.009844622088641359, 
        "filter_outliers_dict": {
            "filter_outliers": true, 
            "iterations": 1, 
            "std_devs": 2
        }, 
        "fit": "linear", 
        "value": 2.0177149549286875
    }, 
    "Ar38": {
        "error": 0.004927636162594667, 
        "filter_outliers_dict": {
            "filter_outliers": true, 
            "iterations": 1, 
            "std_devs": 2
        }, 
        "fit": "linear", 
        "value": 4.411766384045259
    }, 
    "Ar39": {
        "error": 0.034728510515946116, 
        "filter_outliers_dict": {
            "filter_outliers": true, 
            "iterations": 1, 
            "std_devs": 2
        }, 
        "fit": "Linear", 
        "value": 346.6671963222397
    }, 
    "Ar40": {
        "error": 0.07371345035497305, 
        "filter_outliers_dict": {
            "filter_outliers": true, 
            "iterations": 1, 
            "std_devs": 2
        }, 
        "fit": "Linear", 
        "value": 1410.8585530253254
    }, 
    "PM41": {
        "error": 0.05737745828242028, 
        "filter_outliers_dict": {
            "filter_outliers": false, 
            "iterations": 1, 
            "std_devs": 2
        }, 
        "fit": "linear", 
        "value": -0.08471719362425585
    }
}