{
    "Ar36": {
        "error": 0.00033085743827686515, 
        "filter_outliers_dict": {
            "filter_outliers": true, 
            "iterations": 1, 
            "std_devs": 2
        }, 
        "fit": "Linear", 
        "value": 0.014510547253195654
    }, 
    "Ar37": {
        "error": 0.010445769043669893, 
        "filter_outliers_dict": {
            "filter_outliers": true, 
            "iterations": 1, 
            "std_devs": 2
        }, 
        "fit": "linear", 
        "value": 1.1923424296399296
    }, 
    "Ar38": {
        "error": 0.006858241648740879, 
        "filter_outliers_dict": {
            "filter_outliers": true, 
            "iterations": 1, 
            "std_devs": 2
        }, 
        "fit": "linear", 
        "value": 4.582124870868562
    }, 
    "Ar39": {
        "error": 0.035830735609507815, 
        "filter_outliers_dict": {
            "filter_outliers": true, 
            "iterations": 1, 
            "std_devs": 2
        }, 
        "fit": "Linear", 
        "value": 357.3913381777585
    }, 
    "Ar40": {
        "error": 0.08062131114325612, 
        "filter_outliers_dict": {
            "filter_outliers": true, 
            "iterations": 1, 
            "std_devs": 2
        }, 
        "fit": "Linear", 
        "value": 1467.8358205767972
    }, 
    "PM41": {
        "error": 0.06675458228685675, 
        "filter_outliers_dict": {
            "filter_outliers": false, 
            "iterations": 1, 
            "std_devs": 2
        }, 
        "fit": "linear", 
        "value": -0.06729009535762992
    }
}