{
    "Ar36": {
        "error": 0.0007065524324942922, 
        "filter_outliers_dict": {
            "filter_outliers": true, 
            "iterations": 1, 
            "std_devs": 2
        }, 
        "fit": "Linear", 
        "value": 0.06975453089587992
    }, 
    "Ar37": {
        "error": 0.010507966040991445, 
        "filter_outliers_dict": {
            "filter_outliers": true, 
            "iterations": 1, 
            "std_devs": 2
        }, 
        "fit": "linear", 
        "value": 1.7034366668433156
    }, 
    "Ar38": {
        "error": 0.007855370340641243, 
        "filter_outliers_dict": {
            "filter_outliers": true, 
            "iterations": 1, 
            "std_devs": 2
        }, 
        "fit": "linear", 
        "value": 6.8073167869955
    }, 
    "Ar39": {
        "error": 0.04225780120322055, 
        "filter_outliers_dict": {
            "filter_outliers": true, 
            "iterations": 1, 
            "std_devs": 2
        }, 
        "fit": "Linear", 
        "value": 530.1068245601689
    }, 
    "Ar40": {
        "error": 0.1102738219103732, 
        "filter_outliers_dict": {
            "filter_outliers": true, 
            "iterations": 1, 
            "std_devs": 2
        }, 
        "fit": "Linear", 
        "value": 2253.134524555904
    }, 
    "PM41": {
        "error": 0.06673349920167695, 
        "filter_outliers_dict": {
            "filter_outliers": false, 
            "iterations": 1, 
            "std_devs": 2
        }, 
        "fit": "linear", 
        "value": -0.04729924439415421
    }
}