{
    "Ar36": {
        "error": 0.00035591485985980064, 
        "filter_outliers_dict": {
            "filter_outliers": true, 
            "iterations": 1, 
            "std_devs": 2
        }, 
        "fit": "Linear", 
        "value": 0.02127973910976176
    }, 
    "Ar37": {
        "error": 0.011134062025353058, 
        "filter_outliers_dict": {
            "filter_outliers": true, 
            "iterations": 1, 
            "std_devs": 2
        }, 
        "fit": "linear", 
        "value": 1.726639318308219
    }, 
    "Ar38": {
        "error": 0.006117174276801172, 
        "filter_outliers_dict": {
            "filter_outliers": true, 
            "iterations": 1, 
            "std_devs": 2
        }, 
        "fit": "linear", 
        "value": 6.783299416860608
    }, 
    "Ar39": {
        "error": 0.0461876285310953, 
        "filter_outliers_dict": {
            "filter_outliers": true, 
            "iterations": 1, 
            "std_devs": 2
        }, 
        "fit": "Linear", 
        "value": 530.0235043446872
    }, 
    "Ar40": {
        "error": 0.10466422404957282, 
        "filter_outliers_dict": {
            "filter_outliers": true, 
            "iterations": 1, 
            "std_devs": 2
        }, 
        "fit": "Linear", 
        "value": 2178.7164916581823
    }, 
    "PM41": {
        "error": 0.071355939376211, 
        "filter_outliers_dict": {
            "filter_outliers": false, 
            "iterations": 1, 
            "std_devs": 2
        }, 
        "fit": "linear", 
        "value": -0.08306130695489161
    }
}