{
    "Ar36": {
        "error": 0.0003208746088086496, 
        "filter_outliers_dict": {
            "filter_outliers": true, 
            "iterations": 1, 
            "std_devs": 2
        }, 
        "fit": "Parabolic", 
        "value": 0.02866341606416481
    }, 
    "Ar37": {
        "error": 0.005031531377220804, 
        "filter_outliers_dict": {
            "filter_outliers": true, 
            "iterations": 1, 
            "std_devs": 2
        }, 
        "fit": "linear", 
        "value": 0.023867015686287983
    }, 
    "Ar38": {
        "error": 0.0023941506762866858, 
        "filter_outliers_dict": {
            "filter_outliers": true, 
            "iterations": 1, 
            "std_devs": 2
        }, 
        "fit": "linear", 
        "value": 0.8356927318286782
    }, 
    "Ar39": {
        "error": 0.012734560056230297, 
        "filter_outliers_dict": {
            "filter_outliers": true, 
            "iterations": 1, 
            "std_devs": 2
        }, 
        "fit": "Parabolic", 
        "value": 66.0581467249635
    }, 
    "Ar40": {
        "error": 0.03749662325059349, 
        "filter_outliers_dict": {
            "filter_outliers": true, 
            "iterations": 1, 
            "std_devs": 2
        }, 
        "fit": "Parabolic", 
        "value": 822.8167175675344
    }, 
    "PM41": {
        "error": 0.060132257703981645, 
        "filter_outliers_dict": {
            "filter_outliers": false, 
            "iterations": 1, 
            "std_devs": 2
        }, 
        "fit": "linear", 
        "value": -0.1391248945256412
    }
}